modulus,length,error_type,original_strings,total_events,detected_events,undetected_events,detection_rate,undetected_rate
2,1,substitution,10,90,50,40,0.5555555555555556,0.4444444444444444
2,1,transposition,10,0,0,0,,
2,2,substitution,100,1800,500,1300,0.2777777777777778,0.7222222222222222
2,2,transposition,100,90,50,40,0.5555555555555556,0.4444444444444444
2,3,substitution,1000,27000,5000,22000,0.18518518518518517,0.8148148148148148
2,3,transposition,1000,1800,500,1300,0.2777777777777778,0.7222222222222222
2,4,substitution,10000,360000,50000,310000,0.1388888888888889,0.8611111111111112
2,4,transposition,10000,27000,5000,22000,0.18518518518518517,0.8148148148148148
3,1,substitution,10,90,66,24,0.7333333333333333,0.26666666666666666
3,1,transposition,10,0,0,0,,
3,2,substitution,100,1800,1320,480,0.7333333333333333,0.26666666666666666
3,2,transposition,100,90,0,90,0.0,1.0
3,3,substitution,1000,27000,19800,7200,0.7333333333333333,0.26666666666666666
3,3,transposition,1000,1800,0,1800,0.0,1.0
3,4,substitution,10000,360000,264000,96000,0.7333333333333333,0.26666666666666666
3,4,transposition,10000,27000,0,27000,0.0,1.0
4,1,substitution,10,90,74,16,0.8222222222222222,0.17777777777777778
4,1,transposition,10,0,0,0,,
4,2,substitution,100,1800,1240,560,0.6888888888888889,0.3111111111111111
4,2,transposition,100,90,74,16,0.8222222222222222,0.17777777777777778
4,3,substitution,1000,27000,12400,14600,0.45925925925925926,0.5407407407407407
4,3,transposition,1000,1800,1240,560,0.6888888888888889,0.3111111111111111
4,4,substitution,10000,360000,124000,236000,0.34444444444444444,0.6555555555555556
4,4,transposition,10000,27000,12400,14600,0.45925925925925926,0.5407407407407407
5,1,substitution,10,90,80,10,0.8888888888888888,0.1111111111111111
5,1,transposition,10,0,0,0,,
5,2,substitution,100,1800,800,1000,0.4444444444444444,0.5555555555555556
5,2,transposition,100,90,80,10,0.8888888888888888,0.1111111111111111
5,3,substitution,1000,27000,8000,19000,0.2962962962962963,0.7037037037037037
5,3,transposition,1000,1800,800,1000,0.4444444444444444,0.5555555555555556
5,4,substitution,10000,360000,80000,280000,0.2222222222222222,0.7777777777777778
5,4,transposition,10000,27000,8000,19000,0.2962962962962963,0.7037037037037037
6,1,substitution,10,90,82,8,0.9111111111111111,0.08888888888888889
6,1,transposition,10,0,0,0,,
6,2,substitution,100,1800,1480,320,0.8222222222222222,0.17777777777777778
6,2,transposition,100,90,50,40,0.5555555555555556,0.4444444444444444
6,3,substitution,1000,27000,21400,5600,0.7925925925925926,0.2074074074074074
6,3,transposition,1000,1800,500,1300,0.2777777777777778,0.7222222222222222
6,4,substitution,10000,360000,280000,80000,0.7777777777777778,0.2222222222222222
6,4,transposition,10000,27000,5000,22000,0.18518518518518517,0.8148148148148148
7,1,substitution,10,90,84,6,0.9333333333333333,0.06666666666666667
7,1,transposition,10,0,0,0,,
7,2,substitution,100,1800,1680,120,0.9333333333333333,0.06666666666666667
7,2,transposition,100,90,84,6,0.9333333333333333,0.06666666666666667
7,3,substitution,1000,27000,25200,1800,0.9333333333333333,0.06666666666666667
7,3,transposition,1000,1800,1680,120,0.9333333333333333,0.06666666666666667
7,4,substitution,10000,360000,336000,24000,0.9333333333333333,0.06666666666666667
7,4,transposition,10000,27000,25200,1800,0.9333333333333333,0.06666666666666667
8,1,substitution,10,90,86,4,0.9555555555555556,0.044444444444444446
8,1,transposition,10,0,0,0,,
8,2,substitution,100,1800,1600,200,0.8888888888888888,0.1111111111111111
8,2,transposition,100,90,86,4,0.9555555555555556,0.044444444444444446
8,3,substitution,1000,27000,21000,6000,0.7777777777777778,0.2222222222222222
8,3,transposition,1000,1800,1600,200,0.8888888888888888,0.1111111111111111
8,4,substitution,10000,360000,210000,150000,0.5833333333333334,0.4166666666666667
8,4,transposition,10000,27000,21000,6000,0.7777777777777778,0.2222222222222222
9,1,substitution,10,90,88,2,0.9777777777777777,0.022222222222222223
9,1,transposition,10,0,0,0,,
9,2,substitution,100,1800,1760,40,0.9777777777777777,0.022222222222222223
9,2,transposition,100,90,0,90,0.0,1.0
9,3,substitution,1000,27000,26400,600,0.9777777777777777,0.022222222222222223
9,3,transposition,1000,1800,0,1800,0.0,1.0
9,4,substitution,10000,360000,352000,8000,0.9777777777777777,0.022222222222222223
9,4,transposition,10000,27000,0,27000,0.0,1.0
10,1,substitution,10,90,90,0,1.0,0.0
10,1,transposition,10,0,0,0,,
10,2,substitution,100,1800,900,900,0.5,0.5
10,2,transposition,100,90,90,0,1.0,0.0
10,3,substitution,1000,27000,9000,18000,0.3333333333333333,0.6666666666666666
10,3,transposition,1000,1800,900,900,0.5,0.5
10,4,substitution,10000,360000,90000,270000,0.25,0.75
10,4,transposition,10000,27000,9000,18000,0.3333333333333333,0.6666666666666666
11,1,substitution,10,90,90,0,1.0,0.0
11,1,transposition,10,0,0,0,,
11,2,substitution,100,1800,1800,0,1.0,0.0
11,2,transposition,100,90,90,0,1.0,0.0
11,3,substitution,1000,27000,27000,0,1.0,0.0
11,3,transposition,1000,1800,1800,0,1.0,0.0
11,4,substitution,10000,360000,360000,0,1.0,0.0
11,4,transposition,10000,27000,27000,0,1.0,0.0
12,1,substitution,10,90,90,0,1.0,0.0
12,1,transposition,10,0,0,0,,
12,2,substitution,100,1800,1720,80,0.9555555555555556,0.044444444444444446
12,2,transposition,100,90,74,16,0.8222222222222222,0.17777777777777778
12,3,substitution,1000,27000,23800,3200,0.8814814814814815,0.11851851851851852
12,3,transposition,1000,1800,1240,560,0.6888888888888889,0.3111111111111111
12,4,substitution,10000,360000,304000,56000,0.8444444444444444,0.15555555555555556
12,4,transposition,10000,27000,12400,14600,0.45925925925925926,0.5407407407407407
13,1,substitution,10,90,90,0,1.0,0.0
13,1,transposition,10,0,0,0,,
13,2,substitution,100,1800,1800,0,1.0,0.0
13,2,transposition,100,90,90,0,1.0,0.0
13,3,substitution,1000,27000,27000,0,1.0,0.0
13,3,transposition,1000,1800,1800,0,1.0,0.0
13,4,substitution,10000,360000,360000,0,1.0,0.0
13,4,transposition,10000,27000,27000,0,1.0,0.0
14,1,substitution,10,90,90,0,1.0,0.0
14,1,transposition,10,0,0,0,,
14,2,substitution,100,1800,1740,60,0.9666666666666667,0.03333333333333333
14,2,transposition,100,90,90,0,1.0,0.0
14,3,substitution,1000,27000,25800,1200,0.9555555555555556,0.044444444444444446
14,3,transposition,1000,1800,1740,60,0.9666666666666667,0.03333333333333333
14,4,substitution,10000,360000,342000,18000,0.95,0.05
14,4,transposition,10000,27000,25800,1200,0.9555555555555556,0.044444444444444446
15,1,substitution,10,90,90,0,1.0,0.0
15,1,transposition,10,0,0,0,,
15,2,substitution,100,1800,1560,240,0.8666666666666667,0.13333333333333333
15,2,transposition,100,90,80,10,0.8888888888888888,0.1111111111111111
15,3,substitution,1000,27000,22200,4800,0.8222222222222222,0.17777777777777778
15,3,transposition,1000,1800,800,1000,0.4444444444444444,0.5555555555555556
15,4,substitution,10000,360000,288000,72000,0.8,0.2
15,4,transposition,10000,27000,8000,19000,0.2962962962962963,0.7037037037037037
16,1,substitution,10,90,90,0,1.0,0.0
16,1,transposition,10,0,0,0,,
16,2,substitution,100,1800,1760,40,0.9777777777777777,0.022222222222222223
16,2,transposition,100,90,90,0,1.0,0.0
16,3,substitution,1000,27000,25000,2000,0.9259259259259259,0.07407407407407407
16,3,transposition,1000,1800,1760,40,0.9777777777777777,0.022222222222222223
16,4,substitution,10000,360000,300000,60000,0.8333333333333334,0.16666666666666666
16,4,transposition,10000,27000,25000,2000,0.9259259259259259,0.07407407407407407
17,1,substitution,10,90,90,0,1.0,0.0
17,1,transposition,10,0,0,0,,
17,2,substitution,100,1800,1800,0,1.0,0.0
17,2,transposition,100,90,90,0,1.0,0.0
17,3,substitution,1000,27000,27000,0,1.0,0.0
17,3,transposition,1000,1800,1800,0,1.0,0.0
17,4,substitution,10000,360000,360000,0,1.0,0.0
17,4,transposition,10000,27000,27000,0,1.0,0.0
18,1,substitution,10,90,90,0,1.0,0.0
18,1,transposition,10,0,0,0,,
18,2,substitution,100,1800,1780,20,0.9888888888888889,0.011111111111111112
18,2,transposition,100,90,50,40,0.5555555555555556,0.4444444444444444
18,3,substitution,1000,27000,26600,400,0.9851851851851852,0.014814814814814815
18,3,transposition,1000,1800,500,1300,0.2777777777777778,0.7222222222222222
18,4,substitution,10000,360000,354000,6000,0.9833333333333333,0.016666666666666666
18,4,transposition,10000,27000,5000,22000,0.18518518518518517,0.8148148148148148
19,1,substitution,10,90,90,0,1.0,0.0
19,1,transposition,10,0,0,0,,
19,2,substitution,100,1800,1800,0,1.0,0.0
19,2,transposition,100,90,90,0,1.0,0.0
19,3,substitution,1000,27000,27000,0,1.0,0.0
19,3,transposition,1000,1800,1800,0,1.0,0.0
19,4,substitution,10000,360000,360000,0,1.0,0.0
19,4,transposition,10000,27000,27000,0,1.0,0.0
20,1,substitution,10,90,90,0,1.0,0.0
20,1,transposition,10,0,0,0,,
20,2,substitution,100,1800,1400,400,0.7777777777777778,0.2222222222222222
20,2,transposition,100,90,90,0,1.0,0.0
20,3,substitution,1000,27000,14000,13000,0.5185185185185185,0.48148148148148145
20,3,transposition,1000,1800,1400,400,0.7777777777777778,0.2222222222222222
20,4,substitution,10000,360000,140000,220000,0.3888888888888889,0.6111111111111112
20,4,transposition,10000,27000,14000,13000,0.5185185185185185,0.48148148148148145
21,1,substitution,10,90,90,0,1.0,0.0
21,1,transposition,10,0,0,0,,
21,2,substitution,100,1800,1800,0,1.0,0.0
21,2,transposition,100,90,84,6,0.9333333333333333,0.06666666666666667
21,3,substitution,1000,27000,27000,0,1.0,0.0
21,3,transposition,1000,1800,1680,120,0.9333333333333333,0.06666666666666667
21,4,substitution,10000,360000,360000,0,1.0,0.0
21,4,transposition,10000,27000,25200,1800,0.9333333333333333,0.06666666666666667
22,1,substitution,10,90,90,0,1.0,0.0
22,1,transposition,10,0,0,0,,
22,2,substitution,100,1800,1800,0,1.0,0.0
22,2,transposition,100,90,90,0,1.0,0.0
22,3,substitution,1000,27000,27000,0,1.0,0.0
22,3,transposition,1000,1800,1800,0,1.0,0.0
22,4,substitution,10000,360000,360000,0,1.0,0.0
22,4,transposition,10000,27000,27000,0,1.0,0.0
23,1,substitution,10,90,90,0,1.0,0.0
23,1,transposition,10,0,0,0,,
23,2,substitution,100,1800,1800,0,1.0,0.0
23,2,transposition,100,90,90,0,1.0,0.0
23,3,substitution,1000,27000,27000,0,1.0,0.0
23,3,transposition,1000,1800,1800,0,1.0,0.0
23,4,substitution,10000,360000,360000,0,1.0,0.0
23,4,transposition,10000,27000,27000,0,1.0,0.0
24,1,substitution,10,90,90,0,1.0,0.0
24,1,transposition,10,0,0,0,,
24,2,substitution,100,1800,1800,0,1.0,0.0
24,2,transposition,100,90,86,4,0.9555555555555556,0.044444444444444446
24,3,substitution,1000,27000,26200,800,0.9703703703703703,0.02962962962962963
24,3,transposition,1000,1800,1600,200,0.8888888888888888,0.1111111111111111
24,4,substitution,10000,360000,328000,32000,0.9111111111111111,0.08888888888888889
24,4,transposition,10000,27000,21000,6000,0.7777777777777778,0.2222222222222222
25,1,substitution,10,90,90,0,1.0,0.0
25,1,transposition,10,0,0,0,,
25,2,substitution,100,1800,1700,100,0.9444444444444444,0.05555555555555555
25,2,transposition,100,90,90,0,1.0,0.0
25,3,substitution,1000,27000,17000,10000,0.6296296296296297,0.37037037037037035
25,3,transposition,1000,1800,1700,100,0.9444444444444444,0.05555555555555555
25,4,substitution,10000,360000,170000,190000,0.4722222222222222,0.5277777777777778
25,4,transposition,10000,27000,17000,10000,0.6296296296296297,0.37037037037037035
26,1,substitution,10,90,90,0,1.0,0.0
26,1,transposition,10,0,0,0,,
26,2,substitution,100,1800,1800,0,1.0,0.0
26,2,transposition,100,90,90,0,1.0,0.0
26,3,substitution,1000,27000,27000,0,1.0,0.0
26,3,transposition,1000,1800,1800,0,1.0,0.0
26,4,substitution,10000,360000,360000,0,1.0,0.0
26,4,transposition,10000,27000,27000,0,1.0,0.0
27,1,substitution,10,90,90,0,1.0,0.0
27,1,transposition,10,0,0,0,,
27,2,substitution,100,1800,1800,0,1.0,0.0
27,2,transposition,100,90,66,24,0.7333333333333333,0.26666666666666666
27,3,substitution,1000,27000,27000,0,1.0,0.0
27,3,transposition,1000,1800,1320,480,0.7333333333333333,0.26666666666666666
27,4,substitution,10000,360000,360000,0,1.0,0.0
27,4,transposition,10000,27000,19800,7200,0.7333333333333333,0.26666666666666666
28,1,substitution,10,90,90,0,1.0,0.0
28,1,transposition,10,0,0,0,,
28,2,substitution,100,1800,1800,0,1.0,0.0
28,2,transposition,100,90,90,0,1.0,0.0
28,3,substitution,1000,27000,26400,600,0.9777777777777777,0.022222222222222223
28,3,transposition,1000,1800,1800,0,1.0,0.0
28,4,substitution,10000,360000,348000,12000,0.9666666666666667,0.03333333333333333
28,4,transposition,10000,27000,26400,600,0.9777777777777777,0.022222222222222223
29,1,substitution,10,90,90,0,1.0,0.0
29,1,transposition,10,0,0,0,,
29,2,substitution,100,1800,1800,0,1.0,0.0
29,2,transposition,100,90,90,0,1.0,0.0
29,3,substitution,1000,27000,27000,0,1.0,0.0
29,3,transposition,1000,1800,1800,0,1.0,0.0
29,4,substitution,10000,360000,360000,0,1.0,0.0
29,4,transposition,10000,27000,27000,0,1.0,0.0
30,1,substitution,10,90,90,0,1.0,0.0
30,1,transposition,10,0,0,0,,
30,2,substitution,100,1800,1560,240,0.8666666666666667,0.13333333333333333
30,2,transposition,100,90,90,0,1.0,0.0
30,3,substitution,1000,27000,22200,4800,0.8222222222222222,0.17777777777777778
30,3,transposition,1000,1800,900,900,0.5,0.5
30,4,substitution,10000,360000,288000,72000,0.8,0.2
30,4,transposition,10000,27000,9000,18000,0.3333333333333333,0.6666666666666666
